feature,feature_count
Artificial,813
Intelligence,690
Machine,410
intelligence,399
The,396
learning,392
Learning,373
machine,322
AI,322
artificial,306
I,139
How,139
via,132
What,127
A,102
For,99
Market,92
To,87
Healthcare,85
Is,84
Top,79
Data,78
Next,76
Frontier,71
data,68
It,65
New,57
coming,56
help,54
We,54
Of,54
near,52
enterprise,52
An,52
factory,51
Can,51
Cloud,50
using,49
use,47
new,47
October,47
In,47
With,45
Watch,45
This,45
us,43
Your,42
Read,41
technology,40
like,40
Why,40
Stocks,39
IT,37
Tech,36
Google,34
…,33
Using,33
used,32
You,32
Service,32
Science,32
Has,32
science,31
Growing,31
learn,30
Python,30
Are,30
people,29
need,29
know,29
News,29
world,28
make,28
human,28
By,28
There,27
Learn,27
Computing,27
CAGR,27
get,26
Global,26
Elevating,26
And,26
job,25
could,25
Tips,25
Deep,25
time,24
see,24
future,24
ZDNet,24
create,23
article,23
If,23
Futurize,23
Future,23
Forbes,23
CannaBusiness,23
But,23
first,22
Be,22
think,21
tech,21
helps,21
companies,21
Us,21
Problem,21
Big,21
way,20
top,20
one,20
ML,20
talk,19
service,19
quantum,19
model,19
jobs,19
Help,19
work,18
track,18
look,18
humans,18
driving,18
best,18
World,18
Times,18
Introduction,18
Elon,18
Driving,18
Could,18
Change,18
Business,18
Analysis,18
system,17
replace,17
project,17
industry,17
improve,17
growth,17
digital,17
customer,17
Will,17
Free,17
Fight,17
Demystifying,17
Corporation,17
Companies,17
Art,17
uses,16
robot,16
online,16
business,16
University,16
Too,16
Technology,16
Sector,16
Microsoft,16
Media,16
M,16
From,16
Climate,16
ways,15
sharks,15
real,15
next,15
great,15
Oracle,15
Motley,15
Im,15
Human,15
Guide,15
Fool,15
Engineer,15
Energy,15
Digital,15
Analytics,15
tools,14
thanks,14
th,14
technologies,14
spending,14
research,14
raises,14
predict,14
post,14
many,14
company,14
These,14
State,14
Smart,14
Research,14
Rahko,14
Property,14
Musk,14
Marketing,14
Intellectual,14
Design,14
Applications,14
would,13
story,13
seed,13
ocean,13
models,13
going,13
course,13
artificialintelligence,13
algorithms,13
UAE,13
That,13
S,13
Our,13
Oct,13
Its,13
Here,13
Growth,13
Frameworks,13
Chinese,13
Balderton,13
Axios,13
want,12
w,12
take,12
reading,12
read,12
process,12
marketing,12
forward,12
faster,12
concept,12
change,12
book,12
back,12
always,12
already,12
Ways,12
Not,12
My,12
Join,12
Ethics,12
Azure,12
week,11
robots,11
right,11
ready,11
platform,11
pivotal,11
open,11
machinelearning,11
latest,11
find,11
delivering,11
changing,11
One,11
Job,11
Find,11
Do,11
China,11
Check,11
As,11
African,11
About,11
working,10
workforce,10
video,10
tool,10
solution,10
recognition,10
p,10
identify,10
hiring,10
hereis,10
healthcare,10
good,10
field,10
experience,10
e,10
detect,10
conference,10
computer,10
cloud,10
big,10
behind,10
applied,10
Women,10
U,10
Trillion,10
On,10
Now,10
No,10
Look,10
Into,10
Important,10
Heres,10
Good,10
Getting,10
Every,10
Economy,10
Courses,10
America,10
Algorithms,10
Age,10
years,9
things,9
still,9
scientists,9
says,9
say,9
researchers,9
predictions,9
part,9
opportunities,9
network,9
needs,9
needed,9
much,9
might,9
may,9
making,9
made,9
machines,9
link,9
leverage,9
isnt,9
helping,9
go,9
firms,9
f,9
different,9
deep,9
days,9
computing,9
brain,9
blog,9
better,9
applications,9
analysis,9
age,9
adopt,9
across,9
Used,9
TensorFlow,9
Should,9
Services,9
Real,9
Privacy,9
Overcome,9
Obstacles,9
Most,9
More,9
General,9
Facebook,9
Examples,9
Education,9
Cybersecurity,9
Boon,9
Another,9
AWS,9
ARTIFICIAL,9
year,8
writer,8
warned,8
today,8
thing,8
speech,8
problems,8
possible,8
playing,8
paper,8
minds,8
million,8
lot,8
looking,8
learned,8
health,8
hate,8
getting,8
even,8
energy,8
dont,8
developed,8
created,8
conspiracy,8
class,8
build,8
around,8
approach,8
app,8
algorithm,8
ad,8
Yorker,8
Web,8
They,8
THE,8
Software,8
SQL,8
Revolution,8
Practical,8
Potential,8
Play,8
Nine,8
Mirrors,8
Made,8
Machines,8
Khaleej,8
Key,8
IoT,8
Interesting,8
Insight,8
INTELLIGENCE,8
IN,8
Development,8
Conference,8
Changing,8
Certifications,8
Center,8
Being,8
Automation,8
Asian,8
Area,8
young,7
well,7
transforming,7
talks,7
systems,7
stock,7
solutions,7
software,7
security,7
recently,7
reasons,7
really,7
quick,7
power,7
patterns,7
opportunity,7
neural,7
mission,7
meet,7
market,7
makes,7
little,7
last,7
kind,7
key,7
innovative,7
industries,7
images,7
hotels,7
fundamentals,7
expert,7
excellent,7
every,7
education,7
creating,7
cool,7
cancer,7
building,7
blockchain,7
black,7
bio,7
believe,7
bad,7
available,7
answer,7
analytics,7
advanced,7
While,7
Weighed,7
Use,7
Unexplored,7
Ultimate,7
Twitter,7
Trends,7
TechCrunch,7
T,7
Study,7
Significant,7
Shaping,7
SEO,7
Recognition,7
Reasons,7
Reality,7
Programming,7
Please,7
Notebooks,7
National,7
Moving,7
Manufacturing,7
Making,7
MIT,7
LQ,7
International,7
India,7
Government,7
Dubai,7
Drugs,7
Disease,7
Diagnose,7
Come,7
CEO,7
Best,7
Battlefield,7
Banking,7
Autonomous,7
Augmentation,7
Army,7
Application,7
Always,7
All,7
written,6
without,6
wa,6
virtual,6
value,6
understand,6
trust,6
training,6
taking,6
society,6
smarter,6
skills,6
sector,6
scared,6
rich,6
results,6
reality,6
program,6
potential,6
opening,6
must,6
media,6
live,6
lead,6
killer,6
huge,6
h,6
guru,6
got,6
full,6
focus,6
fit,6
facial,6
faces,6
example,6
era,6
done,6
discussed,6
development,6
determine,6
current,6
continued,6
computers,6
complex,6
common,6
cars,6
care,6
brightest,6
bot,6
blacklists,6
benefits,6
automation,6
also,6
address,6
accurate,6
Webinar,6
US,6
Treasonous,6
Theres,6
Take,6
Sudoku,6
Streamline,6
Statistics,6
So,6
Security,6
Researchers,6
R,6
People,6
Open,6
Oh,6
Models,6
Medical,6
Math,6
Management,6
London,6
Let,6
Launches,6
Internet,6
Integrating,6
Innovation,6
Information,6
Impact,6
Illegal,6
Helped,6
First,6
FOR,6
Engineering,6
Create,6
Click,6
Building,6
Build,6
Berkeley,6
Automated,6
whole,5
wh,5
welcoming,5
view,5
v,5
users,5
two,5
trends,5
treatment,5
trained,5
text,5
tell,5
talking,5
successful,5
success,5
study,5
strategies,5
stay,5
startups,5
source,5
social,5
smart,5
slow,5
sessions,5
series,5
seems,5
sales,5
running,5
risk,5
retirement,5
r,5
quickly,5
python,5
put,5
projects,5
powerful,5
popular,5
policy,5
point,5
piece,5
person,5
performance,5
organization,5
number,5
news,5
networks,5
natural,5
morning,5
mind,5
medical,5
maybe,5
man,5
lives,5
left,5
knowledge,5
interested,5
inspired,5
increasingly,5
including,5
important,5
happens,5
gets,5
former,5
feature,5
far,5
experts,5
everything,5
ever,5
event,5
engineering,5
end,5
edge,5
dream,5
discuss,5
devices,5
develop,5
detection,5
design,5
currently,5
creates,5
control,5
content,5
comes,5
code,5
challenges,5
center,5
car,5
businesses,5
built,5
bring,5
bias,5
automated,5
ask,5
archive,5
anyone,5
ability,5
Yui,5
When,5
Well,5
Warrent,5
Very,5
Value,5
UK,5
UCSF,5
Trust,5
Toyota,5
Tools,5
Three,5
Thanks,5
TECHNOLOGY,5
Stop,5
Special,5
Solutions,5
Senior,5
See,5
Ruled,5
Robots,5
Robotics,5
Robot,5
Risk,5
Revolutionizing,5
Report,5
Regression,5
Public,5
Program,5
Prof,5
Platform,5
Peek,5
Out,5
OF,5
Nov,5
Network,5
Minute,5
Meet,5
Legal,5
Lead,5
Know,5
Kashmir,5
Just,5
Intelligent,5
Industry,5
Imaging,5
IBM,5
Hey,5
Hello,5
Great,5
Gazing,5
Framework,5
Foundation,5
Fisa,5
FREE,5
Even,5
Economist,5
Easy,5
Earth,5
Does,5
Daily,5
D,5
Customers,5
Crystal,5
Comprehensive,5
Commanders,5
CA,5
Book,5
Bloomberg,5
Blockchain,5
Bias,5
Ball,5
Automotive,5
Augmented,5
At,5
Also,5
Advanced,5
workshop,4
worked,4
within,4
wi,4
web,4
watch,4
videos,4
useful,4
upper,4
unique,4
traditional,4
tracks,4
threat,4
term,4
teams,4
taken,4
stuff,4
students,4
strategy,4
statistics,4
side,4
sets,4
seen,4
second,4
scientist,4
save,4
said,4
safety,4
run,4
robotic,4
rigorous,4
retail,4
rather,4
racist,4
quite,4
questions,4
protect,4
programming,4
probably,4
podcast,4
planning,4
pla,4
pipelines,4
perfect,4
patients,4
past,4
parents,4
order,4
never,4
named,4
n,4
mobile,4
miss,4
minutes,4
methods,4
meant,4
means,4
mean,4
manufacturing,4
mach,4
life,4
lets,4
let,4
largest,4
known,4
knew,4
issue,4
innovation,4
increase,4
implications,4
hype,4
hunt,4
holds,4
hard,4
governments,4
globally,4
giving,4
gender,4
ge,4
games,4
flag,4
fed,4
featuring,4
features,4
fail,4
face,4
explain,4
experiments,4
exoplanets,4
examples,4
evolved,4
essential,4
er,4
enterprises,4
enormous,4
enable,4
else,4
electric,4
efficiency,4
easy,4
earth,4
disrupt,4
disease,4
discussion,4
difference,4
developing,4
details,4
deployment,4
dear,4
de,4
day,4
cybercriminals,4
costs,4
continue,4
complete,4
collection,4
collaboration,4
co,4
climate,4
career,4
captain,4
cannot,4
came,4
brings,4
boost,4
biggest,4
become,4
beats,4
based,4
asked,4
areas,4
approaches,4
apply,4
application,4
advertising,4
advances,4
actions,4
able,4
YOUR,4
Where,4
Week,4
Watson,4
WMD,4
Visit,4
Udemy,4
Tricks,4
Things,4
Technologies,4
TED,4
Stuart,4
Strategy,4
Steps,4
Startups,4
Square,4
Spending,4
Social,4
Smartphones,4
Small,4
Shes,4
Share,4
Series,4
Segments,4
Secure,4
Scientist,4
SWOT,4
Russell,4
Reinforcement,4
Region,4
Rebooting,4
Realtime,4
Reading,4
Puzzle,4
Production,4
President,4
Poem,4
Podcast,4
Players,4
Phil,4
Performing,4
OpenSource,4
Online,4
Nigeria,4
Newsletter,4
Networks,4
Netflix,4
Need,4
Musks,4
Mr,4
Modern,4
Million,4
Matters,4
Magic,4
Linear,4
Level,4
Lean,4
Law,4
Last,4
Landing,4
Journal,4
Interviews,4
InformationWeek,4
Ill,4
Ideas,4
Highly,4
High,4
Health,4
Group,4
Googles,4
Forecasts,4
Forecast,4
Fear,4
Facial,4
Facebooks,4
Era,4
English,4
Engine,4
Dutch,4
Dr,4
Don,4
Discovery,4
Did,4
Day,4
David,4
CrypTen,4
Copyright,4
Control,4
Contributor,4
Compatible,4
Cisco,4
Chronicles,4
Built,4
BrainChip,4
Bigram,4
Beginners,4
Before,4
Awards,4
Automatic,4
Attacks,4
Astrophysicists,4
Ask,4
Apps,4
Apply,4
Advance,4
According,4
AIBlogs,4
—,3
youll,3
yet,3
write,3
works,3
word,3
win,3
wildlife,3
weekend,3
webinar,3
wanting,3
version,3
vehicle,3
underlying,3
types,3
trying,3
truly,3
true,3
tried,3
translate,3
transformations,3
transform,3
topic,3
tomorrow,3
thoughts,3
though,3
thinking,3
team,3
talent,3
support,3
super,3
streaming,3
store,3
stop,3
stocks,3
started,3
start,3
stage,3
sophisticated,3
soon,3
something,3
someone,3
solve,3
sizes,3
sit,3
simple,3
shows,3
set,3
services,3
serious,3
sentence,3
sent,3
sense,3
senior,3
semiconductor,3
secret,3
robotics,3
revolutionize,3
revenue,3
resources,3
require,3
replicate,3
replaced,3
remove,3
release,3
redefining,3
records,3
recent,3
received,3
receive,3
reason,3
rate,3
quality,3
pushing,3
published,3
provides,3
provide,3
proprietary,3
proposed,3
progress,3
programs,3
professor,3
products,3
product,3
processes,3
problem,3
privacy,3
press,3
presenting,3
presented,3
potentially,3
positive,3
position,3
play,3
plant,3
plan,3
place,3
picture,3
personal,3
pe,3
patient,3
panel,3
others,3
opinion,3
operations,3
often,3
office,3
occurs,3
noises,3
native,3
name,3
moving,3
movies,3
move,3
money,3
modeling,3
mirror,3
millions,3
military,3
method,3
meetup,3
maximize,3
material,3
marketers,3
managers,3
management,3
malicious,3
love,3
lose,3
local,3
list,3
leveraging,3
level,3
lessons,3
less,3
learnin,3
lear,3
leap,3
launches,3
l,3
knows,3
keep,3
investors,3
introduced,3
interviews,3
interview,3
intelligen,3
intellig,3
intelli,3
inner,3
information,3
improving,3
improved,3
imagine,3
image,3
illnesses,3
idea,3
humanoid,3
humanity,3
home,3
highly,3
heres,3
helper,3
hel,3
head,3
harnessing,3
happy,3
happen,3
growing,3
group,3
government,3
google,3
gives,3
given,3
generation,3
generate,3
general,3
gastrointestinal,3
gaming,3
function,3
friends,3
free,3
framework,3
filling,3
fear,3
fart,3
explore,3
explainability,3
experimental,3
exactly,3
ethical,3
ensure,3
engines,3
engineer,3
endoscopy,3
email,3
ecommerce,3
earlier,3
drones,3
driven,3
drive,3
doesnt,3
docking,3
disruptive,3
diagnosis,3
designing,3
depends,3
defined,3
deaf,3
dangerous,3
curious,3
crying,3
creative,3
copyrighted,3
considered,3
conducted,3
con,3
completed,3
community,3
combination,3
coding,3
clean,3
citizens,3
changes,3
challenge,3
celebrities,3
cases,3
capture,3
cant,3
calling,3
called,3
ca,3
buy,3
breakthrough,3
blank,3
bit,3
bionic,3
beyond,3
benefit,3
behindthescenes,3
becoming,3
basically,3
banks,3
baby,3
automatically,3
attack,3
assistants,3
assis,3
articles,3
art,3
apps,3
another,3
announced,3
among,3
alive,3
agenda,3
adoption,3
adopted,3
additive,3
add,3
adapting,3
actually,3
acquire,3
achieved,3
achievable,3
Yeah,3
YEARS,3
Wireless,3
Win,3
Who,3
Whats,3
Were,3
Weaponization,3
Way,3
Warehous,3
WSJ,3
Virtual,3
Video,3
VR,3
VOA,3
Up,3
Understanding,3
UCL,3
Transforming,3
Trading,3
Toyotas,3
Toronto,3
Tokyo,3
Time,3
Through,3
Thrive,3
Thoughtfully,3
Thought,3
Then,3
ThePrints,3
Tesla,3
Tap,3
Talk,3
Tackles,3
TB,3
Systems,3
Superhuman,3
Super,3
Summit,3
Stories,3
Stops,3
Stimulus,3
Stephen,3
Stats,3
Started,3
South,3
Solve,3
Skills,3
Singularity,3
Shortage,3
Setting,3
Sensors,3
Saturday,3
San,3
Rwanda,3
Role,3
Rise,3
Review,3
Retail,3
Response,3
Really,3
ReadWrite,3
RC,3
Putin,3
Promising,3
Project,3
Predicting,3
Power,3
Post,3
Planning,3
Pentagon,3
Pattern,3
Part,3
P,3
Optimizing,3
Opportunities,3
Opinion,3
Operations,3
Oil,3
Office,3
OBA,3
Networking,3
Needs,3
NYU,3
Monday,3
Mining,3
Metrics,3
Medicine,3
May,3
Mathematical,3
Mastering,3
Massive,3
Many,3
Machinelearning,3
MachineLearning,3
Ma,3
MORE,3
Listen,3
Like,3
Life,3
Lessons,3
Learns,3
Language,3
Jupyter,3
Java,3
Ive,3
Innovative,3
Improve,3
Implementing,3
Impant,3
Image,3
IP,3
IDG,3
ICYMI,3
Hub,3
Houston,3
Hot,3
Her,3
He,3
Hawking,3
H,3
Given,3
Ghost,3
Gap,3
Four,3
Found,3
Forest,3
Focus,3
Finish,3
Fairness,3
Factory,3
Eyes,3
Explained,3
Experience,3
Exchange,3
Everything,3
Everyone,3
Employee,3
Empirical,3
Embrace,3
Ecosystem,3
Ears,3
Drug,3
Dont,3
Discover,3
Disaster,3
Developing,3
Developer,3
Develop,3
Dental,3
Democrat,3
Definition,3
Deepfakes,3
Critical,3
Contact,3
Concepts,3
Computer,3
Computational,3
Code,3
CloudManaged,3
City,3
Chrome,3
Chinas,3
Career,3
CX,3
CC,3
Businesses,3
Bridging,3
Brands,3
Bootstrap,3
Boost,3
Books,3
Blogs,3
Bigots,3
Between,3
Better,3
Believe,3
Bayesian,3
Basic,3
Back,3
BBC,3
Awesome,3
Approach,3
American,3
Amazon,3
Amazing,3
Agriculture,3
Ads,3
Adoption,3
Accenture,3
AZ,3
AND,3
wrong,2
worst,2
worlds,2
workflow,2
wor,2
wont,2
women,2
wish,2
wide,2
whether,2
whereas,2
went,2
wellbeing,2
weird,2
weeks,2
watched,2
waste,2
wasnt,2
warning,2
war,2
waiting,2
waging,2
vs,2
vrains,2
voice,2
visualization,2
vasculature,2
various,2
valuable,2
utilized,2
user,2
updates,2
updated,2
universities,2
understa,2
umbrella,2
type,2
tweet,2
turn,2
treat,2
train,2
tr,2
towards,2
total,2
took,2
todays,2
times,2
thin,2
theres,2
theoretical,2
thats,2
test,2
terrifying,2
tells,2
techniques,2
technical,2
teaching,2
teaches,2
tax,2
taught,2
tasks,2
taps,2
surveyed,2
surroundings,2
supporting,2
supported,2
studying,2
struggle,2
strong,2
stripped,2
stress,2
stores,2
stopped,2
steps,2
statistical,2
stated,2
startup,2
stars,2
stand,2
spreaders,2
spot,2
sports,2
sponsored,2
spin,2
spent,2
spend,2
speed,2
species,2
speaks,2
spaces,2
sounds,2
sound,2
somewhere,2
solving,2
soft,2
skin,2
since,2
simply,2
similar,2
significantly,2
significant,2
sign,2
show,2
short,2
ship,2
share,2
settle,2
serve,2
se,2
scout,2
score,2
scientific,2
schools,2
scanner,2
satellite,2
safe,2
sad,2
rote,2
room,2
rolling,2
roles,2
role,2
road,2
risks,2
rising,2
responsible,2
respond,2
resourcefully,2
researches,2
reports,2
reported,2
releases,2
relationship,2
related,2
reinforcement,2
refer,2
redefined,2
recruiting,2
record,2
recommendations,2
recommend,2
recognizing,2
realtime,2
realize,2
reached,2
rapid,2
radiologists,2
question,2
putting,2
push,2
providers,2
proud,2
proliferation,2
projected,2
programmer,2
programmed,2
produce,2
probl,2
pretty,2
present,2
prepared,2
predicts,2
predictive,2
powered,2
possibly,2
population,2
plays,2
plans,2
placed,2
personalized,2
perception,2
partners,2
particular,2
papers,2
pages,2
pace,2
overview,2
overcome,2
outstanding,2
outcomes,2
ought,2
original,2
optimization,2
oil,2
officer,2
offer,2
obvious,2
object,2
oath,2
nowadays,2
notes,2
note,2
none,2
newly,2
net,2
nearly,2
national,2
nation,2
movie,2
month,2
monitoring,2
moment,2
mining,2
middleaged,2
messages,2
message,2
mental,2
memorize,2
meantime,2
meaning,2
maths,2
math,2
matching,2
match,2
map,2
major,2
magic,2
machin,2
mac,2
lucky,2
lowvision,2
longlost,2
locker,2
loan,2
links,2
lingering,2
line,2
limited,2
likely,2
lesson,2
legal,2
learners,2
leads,2
leaders,2
lea,2
launching,2
launched,2
late,2
languages,2
land,2
lags,2
lack,2
lab,2
knowledgeable,2
kitchen,2
kissing,2
kinds,2
journey,2
joint,2
jail,2
jaehyun,2
involved,2
investment,2
invested,2
interests,2
interesting,2
interest,2
intensive,2
intelligent,2
intelligenc,2
intellige,2
intel,2
integrating,2
integrated,2
integral,2
insurance,2
institutions,2
inspiring,2
insights,2
insightful,2
input,2
innovate,2
ingredients,2
informative,2
influencing,2
individualized,2
increasing,2
increased,2
importance,2
implement,2
implant,2
impacting,2
impact,2
immediate,2
identifying,2
identifies,2
identified,2
ideas,2
hundreds,2
humanmachine,2
house,2
host,2
hospitals,2
hijackings,2
high,2
hidden,2
hear,2
hardware,2
handwriting,2
handson,2
hands,2
half,2
gun,2
guess,2
grower,2
ground,2
greater,2
graphics,2
gone,2
global,2
glob,2
gift,2
genius,2
generations,2
generally,2
garbage,2
game,2
g,2
funny,2
funding,2
fun,2
fuck,2
front,2
friendly,2
frequency,2
fraud,2
frame,2
four,2
found,2
food,2
following,2
follow,2
fo,2
fluency,2
fix,2
five,2
firm,2
finished,2
financial,2
fight,2
feel,2
fastest,2
farm,2
fantastic,2
fall,2
factories,2
fact,2
explained,2
explainable,2
experienced,2
expect,2
executives,2
execute,2
excited,2
evolves,2
evolution,2
everyone,2
events,2
evaluation,2
etc,2
established,2
error,2
environmental,2
enter,2
enough,2
enlightening,2
enhance,2
enabling,2
enables,2
employment,2
emotions,2
emotional,2
emerging,2
elephants,2
electronic,2
efficiently,2
efficient,2
effects,2
effectively,2
economy,2
economic,2
easier,2
eCommerce,2
due,2
drug,2
drivers,2
dreams,2
domain,2
diversity,2
diseases,2
discussions,2
discussing,2
discover,2
dimension,2
difficult,2
didnt,2
device,2
developer,2
determines,2
detects,2
desert,2
descriptions,2
description,2
describe,2
dependent,2
demonstrated,2
demo,2
demanding,2
deidentified,2
definition,2
decisionmaking,2
decided,2
decades,2
date,2
datasets,2
dark,2
daily,2
cybersecurity,2
cuts,2
curate,2
crash,2
crafted,2
covering,2
cover,2
countries,2
correctly,2
core,2
cookies,2
converges,2
controversial,2
controls,2
contribute,2
continuous,2
continues,2
consumers,2
consideration,2
cons,2
confuse,2
confidently,2
concerns,2
concepts,2
conce,2
computational,2
complicated,2
competitive,2
comparison,2
compared,2
come,2
college,2
coaches,2
clear,2
classroom,2
classification,2
claimed,2
choose,2
children,2
chief,2
check,2
chat,2
characteristics,2
chances,2
challe,2
central,2
case,2
careful,2
card,2
capital,2
cannibals,2
cameras,2
call,2
cal,2
c,2
by,2
buzz,2
burned,2
burden,2
buildings,2
bt,2
browser,2
breaks,2
brands,2
brand,2
brainwave,2
box,2
bosses,2
blocks,2
blind,2
bird,2
biometric,2
biases,2
benchmarking,2
behave,2
beginner,2
bedevil,2
becomes,2
beat,2
basis,2
base,2
bacteria,2
babies,2
b,2
autonomous,2
automat,2
auto,2
author,2
aut,2
augmented,2
audience,2
attempt,2
artificia,2
artifici,2
artifi,2
arent,2
applicability,2
ap,2
anything,2
announce,2
animal,2
analyzed,2
analytic,2
analyse,2
amounts,2
amazing,2
alternate,2
alter,2
along,2
allow,2
alchemy,2
agents,2
affordable,2
affecting,2
advantage,2
addition,2
adding,2
adapt,2
actual,2
activated,2
accurately,2
accuracy,2
accidents,2
accessible,2
accelerate,2
academy,2
abou,2
abilities,2
Zest,2
Zero,2
Youre,2
YouTube,2
York,2
Yellowknife,2
Xbox,2
X,2
Wrong,2
Worldwide,2
Worlds,2
Workshop,2
Working,2
Work,2
WordPress,2
Wiley,2
Whistleblower,2
Which,2
Wednesday,2
Waymos,2
Warehou,2
Want,2
Wait,2
WILL,2
Voice,2
Vital,2
Valley,2
Vaccines,2
VIDEO,2
Useless,2
Updated,2
Upcoming,2
Unsupervised,2
Unity,2
United,2
Understand,2
Uh,2
UberEng,2
Uber,2
UC,2
Types,2
Two,2
Twi,2
Turn,2
Turing,2
Trump,2
TrillionDollar,2
Trend,2
Treat,2
Transportation,2
Transhumanism,2
Train,2
Toys,2
Tom,2
Tied,2
Thoughtful,2
ThinkwithGoogle,2
Thatware,2
ThatWare,2
Thaler,2
Textbook,2
Text,2
Tell,2
Techniques,2
TechGenix,2
Team,2
Talks,2
TV,2
TUTORIALS,2
TMC,2
THIS,2
Swift,2
Surroundings,2
SuperChinese,2
Suh,2
Success,2
Student,2
Stream,2
Still,2
Steve,2
Steinbuch,2
States,2
Standardizing,2
Stain,2
Spread,2
Sports,2
Speech,2
Speak,2
SparkCognition,2
Sp,2
Sonic,2
Some,2
Softnet,2
Smith,2
Siri,2
SingularityU,2
Simple,2
Signs,2
Sign,2
Shotspotter,2
She,2
Self,2
Secret,2
Search,2
Scratch,2
Scientists,2
School,2
Saudi,2
SaaS,2
SA,2
Royals,2
Riverside,2
Risky,2
Resources,2
Religion,2
Regulation,2
Register,2
Regarding,2
Reason,2
RealTime,2
Ready,2
Reach,2
Raspberry,2
Ranking,2
Random,2
Radiology,2
Race,2
READY,2
RAIN,2
Quality,2
Projects,2
Profiling,2
Products,2
Product,2
Processing,2
Press,2
Prediction,2
Predict,2
Powerful,2
Positions,2
Policy,2
Platforms,2
Pi,2
Physicians,2
Pharmaceutical,2
Perspective,2
Perhaps,2
Penn,2
Pay,2
Patent,2
Park,2
PATH,2
Own,2
Other,2
Or,2
Optimism,2
OpenAIs,2
Only,2
Oncology,2
ODSC,2
O,2
Number,2
Noticias,2
Neuromusculoskeletal,2
Neural,2
Netherlands,2
Ne,2
NICE,2
MustSee,2
Must,2
Multiagent,2
Much,2
Monitoring,2
Model,2
Mobile,2
Mission,2
MirrorsThe,2
Millions,2
Michael,2
Method,2
Meraki,2
Mayo,2
Maybe,2
Mathematics,2
Manufacturers,2
Mandarin,2
Manage,2
Major,2
Magazines,2
Maarten,2
MYTHS,2
METHODS,2
MAAI,2
MA,2
Lucidworks,2
Looking,2
Location,2
Living,2
Livermore,2
Live,2
Linux,2
Link,2
Liability,2
Lexology,2
Learnin,2
Leadership,2
Leader,2
Laptop,2
LANGUAGE,2
Khan,2
Kenreisman,2
Kansas,2
Kagame,2
KPMG,2
JobsKiller,2
Jobs,2
Jina,2
Jeopardy,2
Jason,2
J,2
Iterating,2
Isnt,2
Invests,2
Invention,2
Intuition,2
Interpretability,2
Intern,2
Interested,2
Intelligencehttps,2
Inte,2
Institute,2
Inside,2
Innovate,2
Infrastructure,2
InDepth,2
Improving,2
Implement,2
Imagine,2
IIT,2
IIM,2
IA,2
Hype,2
Hunt,2
Humans,2
Hows,2
Honored,2
Home,2
Hire,2
Have,2
Hate,2
HandsOn,2
HR,2
HEURISTICS,2
Grow,2
Grade,2
Governing,2
Gotta,2
Going,2
Goes,2
Go,2
Globe,2
Get,2
Germany,2
Geek,2
Gazette,2
Gas,2
Game,2
Fusion,2
Funding,2
Functional,2
Frequency,2
Follow,2
Flask,2
Five,2
Finance,2
Fighting,2
Ferrucci,2
Fellowship,2
Features,2
Face,2
FINDING,2
FAIR,2
F,2
Eye,2
Extreme,2
Exponential,2
Expo,2
Explore,2
Exploratory,2
Experts,2
Experiences,2
Expected,2
Expect,2
Executive,2
Exceptional,2
Exactly,2
European,2
Essential,2
Essay,2
Entrepreneurs,2
Enhances,2
England,2
EndtoEnd,2
Enabling,2
Enables,2
Empower,2
Emotional,2
Electronic,2
Effects,2
Edition,2
Edge,2
EcoSearch,2
Early,2
Director,2
Diego,2
Developers,2
DevOps,2
Despite,2
Deploy,2
Deloitte,2
Defining,2
Deepmind,2
Dec,2
Deadline,2
De,2
Dave,2
Datameer,2
Dat,2
DM,2
Cyber,2
CustomerExperience,2
Curves,2
Creative,2
Creating,2
Cracking,2
Course,2
Coupon,2
Countries,2
Correlation,2
Core,2
Cool,2
Conversations,2
Consulting,2
Constitution,2
Connolly,2
Complete,2
Competitive,2
Community,2
Communication,2
Commencing,2
College,2
Cognitive,2
CloudBlogs,2
Clinical,2
Clinic,2
Classification,2
Christopher,2
Chief,2
Challenge,2
Certificate,2
Central,2
Capture,2
Captum,2
Called,2
Call,2
California,2
CV,2
CRYPTO,2
CHART,2
CDL,2
C,2
Bruster,2
Bot,2
Bootcamp,2
Booming,2
Blog,2
Bitcoin,2
Billion,2
Become,2
Bay,2
Batman,2
Based,2
BYTE,2
BUSINESS,2
BSB,2
BASICS,2
B,2
Available,2
Automating,2
AutoML,2
Augmenting,2
Attending,2
Athena,2
Assistant,2
Assignment,2
Assessment,2
ArtificialIntelligence,2
Artif,2
Article,2
Around,2
Approaches,2
Apple,2
Ap,2
Anyone,2
Any,2
Algorithmic,2
Alexa,2
Alan,2
Airport,2
Ai,2
After,2
Africa,2
Affecting,2
Adversarial,2
Advantages,2
Advancement,2
Added,2
Adaptive,2
Actually,2
Accurate,2
Accuracy,2
Academy,2
AR,2
APIs,2
ALGORITHM,2
AGI,2
ABOUT,2
zero,1
youve,1
youhttps,1
yields,1
yesterday,1
yearshttps,1
yearold,1
yacht,1
wrote,1
wron,1
writing,1
wraps,1
wrangling,1
worth,1
worse,1
worry,1
worldwide,1
worldrenowned,1
workplace,1
workings,1
woodworking,1
wonders,1
wonderous,1
wonderful,1
wonder,1
woke,1
wl,1
witness,1
witho,1
wit,1
wisely,1
wise,1
wireless,1
wire,1
winters,1
winning,1
winner,1
windows,1
widespread,1
widely,1
whose,1
whos,1
whoosh,1
whoever,1
white,1
wheres,1
whatever,1
westerners,1
wellnetworked,1
welcome,1
weights,1
weeklong,1
weather,1
wearable,1
weapons,1
weaponize,1
weak,1
water,1
watches,1
wasted,1
washing,1
warp,1
warns,1
warn,1
wants,1
wanted,1
wanna,1
wall,1
walk,1
wakes,1
wake,1
vía,1
voting,1
vote,1
von,1
volume,1
vocaloid,1
vocabulary,1
vital,1
visualize,1
visualisation,1
visual,1
visits,1
visited,1
visit,1
violations,1
village,1
viewing,1
viXra,1
vi,1
versus,1
venture,1
vendors,1
vehicles,1
vast,1
variation,1
vanity,1
vanguards,1
valuation,1
valley,1
validation,1
validate,1
va,1
utilize,1
usually,1
usefulness,1
urself,1
urbanized,1
update,1
upcoming,1
unveiled,1
unt,1
unsupervised,1
unrecognizableRising,1
unmanned,1
unlocking,1
unlikely,1
unknown,1
university,1
universe,1
univ,1
unites,1
unit,1
unintended,1
unfathomable,1
uneven,1
understood,1
understanding,1
unders,1
underlies,1
undergraduate,1
uncertainty,1
ultimate,1
ubers,1
uber,1
u,1
tying,1
tweetie,1
tutorials,1
turtles,1
turning,1
tumors,1
tumor,1
tryna,1
try,1
truth,1
trusted,1
trouble,1
trend,1
tremendous,1
trees,1
treated,1
trea,1
través,1
travel,1
trappedion,1
translat,1
transition,1
transformation,1
transfer,1
transcription,1
traits,1
trains,1
trail,1
traffic,1
trade,1
tractor,1
toxicities,1
toward,1
touch,1
tosh,1
topi,1
tons,1
told,1
together,1
toast,1
title,1
tipping,1
tip,1
tilted,1
till,1
ties,1
ti,1
thx,1
thru,1
thrown,1
throw,1
three,1
threaten,1
thread,1
thought,1
thirdlargest,1
thi,1
thesis,1
thes,1
therefore,1
theory,1
theories,1
thenextweb,1
theme,1
tha,1
testing,1
testers,1
terms,1
templ,1
temperature,1
tel,1
teens,1
teenager,1
technological,1
technolo,1
technol,1
techhttps,1
tears,1
teache,1
teach,1
tcorWtSOODrRq,1
tcoiPYzDWPVGr,1
tcoVURfYwyvpO,1
tcoPdNuVUpGAY,1
tasksby,1
task,1
targeted,1
tap,1
tank,1
tangi,1
tandem,1
tall,1
takes,1
takeaway,1
tak,1
tactile,1
tackles,1
tackle,1
table,1
syste,1
synthesis,1
symbol,1
sword,1
sweden,1
sustainability,1
suspended,1
surveying,1
survey,1
surveillance,1
surrounding,1
surrou,1
surrogated,1
surpass,1
surge,1
sure,1
supervised,1
supersede,1
superintelligent,1
summarizi,1
summarized,1
sumMIT,1
suitcases,1
suggestion,1
suggested,1
sufficient,1
suffered,1
successive,1
successes,1
succeed,1
succ,1
subsidiarie,1
subset,1
subscribers,1
subscribe,1
submitted,1
subject,1
styling,1
style,1
stupidity,1
stupid,1
studies,1
studied,1
student,1
stuck,1
structures,1
strongly,1
stroke,1
strives,1
string,1
strike,1
strides,1
stretching,1
stressed,1
strength,1
streamlit,1
streamline,1
stream,1
stre,1
stratification,1
stranger,1
storm,1
stories,1
storage,1
stopping,1
stopof,1
stinks,1
step,1
statistician,1
stateoftheart,1
statement,1
state,1
starts,1
starting,1
starters,1
starring,1
stark,1
staring,1
star,1
standards,1
staking,1
stake,1
stages,1
stabilizer,1
st,1
squared,1
spur,1
spreading,1
spots,1
spotlight,1
spoke,1
spilled,1
speculation,1
spectra,1
specifying,1
specifically,1
specific,1
spearhead,1
speaking,1
speakersInspired,1
speakers,1
speaker,1
speak,1
spawn,1
sparring,1
space,1
soul,1
sort,1
song,1
sometimes,1
somethings,1
som,1
solid,1
solely,1
sold,1
sol,1
sociopolitical,1
sociologist,1
societies,1
socie,1
socialmedia,1
snippets,1
smell,1
smartphone,1
small,1
slogan,1
sleep,1
slated,1
skyrocket,1
skip,1
skid,1
skepticism,1
skeptical,1
sizeshttps,1
sized,1
situation,1
single,1
sin,1
simulatorTechnicolor,1
simulations,1
simulation,1
simplifying,1
simplify,1
similarities,1
silos,1
silicon,1
signed,1
sifting,1
shrinking,1
shower,1
shove,1
shout,1
shorter,1
shopping,1
shocking,1
sho,1
shirt,1
shift,1
shes,1
sheer,1
shatter,1
sharply,1
sharing,1
shares,1
shared,1
shaping,1
shape,1
shaky,1
sh,1
sex,1
sewing,1
setting,1
session,1
server,1
seriously,1
separate,1
sentiment,1
sentient,1
sensors,1
sensations,1
sending,1
selfplay,1
selflearning,1
selfdriving,1
selects,1
selection,1
select,1
segmentation,1
segment,1
sees,1
seem,1
seeks,1
seekOpenAI,1
seeing,1
secure,1
secrecy,1
searching,1
search,1
script,1
scratch,1
scope,1
sco,1
scikitlearn,1
scienceSoftware,1
scienceMachine,1
school,1
scholar,1
schizophrenia,1
scheduling,1
scatterplot,1
scary,1
scan,1
scaling,1
scale,1
saving,1
sav,1
samples,1
sample,1
salon,1
salary,1
safely,1
safari,1
sadly,1
rw,1
rutvia,1
runs,1
rules,1
ruler,1
rule,1
rotation,1
rose,1
root,1
rock,1
robust,1
robotlike,1
robotaphobia,1
robota,1
rise,1
richer,1
ri,1
rhapsody,1
rewards,1
rewardYou,1
revolutionizing,1
revolutionise,1
revolutionary,1
revolution,1
revoluti,1
revises,1
reviewing,1
reveal,1
retrieval,1
retraining,1
resul,1
resu,1
restrict,1
restless,1
responses,1
resolve,1
reservoir,1
researching,1
researcher,1
requirements,1
required,1
reproduces,1
representing,1
report,1
replying,1
replaces,1
repetitive,1
renewable,1
renamed,1
remote,1
reminds,1
remind,1
remembe,1
remarkable,1
remaining,1
relieved,1
reliably,1
relevan,1
released,1
relative,1
relationships,1
rej,1
reinventing,1
regulations,1
regards,1
regard,1
refuted,1
refuse,1
refugees,1
refocusing,1
reflects,1
reflecting,1
referred,1
referenced,1
redux,1
reduction,1
reduce,1
redress,1
reddit,1
red,1
recovery,1
recorded,1
reconfigured,1
recognize,1
recognises,1
recipes,1
recipe,1
recapping,1
rec,1
reasoning,1
realm,1
realized,1
realistic,1
realSANTA,1
reactive,1
rea,1
razorthin,1
raw,1
rates,1
rated,1
rarely,1
rare,1
rapidly,1
ranking,1
ranging,1
rangers,1
ran,1
raising,1
raised,1
radiology,1
raciallybi,1
quote,1
quietly,1
questionnaire,1
que,1
quantitative,1
quant,1
qualified,1
qu,1
pytho,1
pushed,1
pursue,1
purpose,1
pupil,1
punk,1
publicity,1
public,1
psyche,1
psoriasissufferers,1
providing,1
provider,1
provided,1
proves,1
prove,1
protections,1
prosthetics,1
prospective,1
pros,1
proper,1
proof,1
promises,1
promise,1
prominence,1
proj,1
progressing,1
programmes,1
programme,1
profits,1
profitab,1
profile,1
professionals,1
profession,1
productivity,1
productive,1
production,1
prod,1
proclaims,1
processors,1
processing,1
proba,1
proactively,1
proactive,1
pro,1
prize,1
privately,1
priori,1
print,1
principally,1
previous,1
preview,1
prevent,1
prett,1
preserving,1
presents,1
presentation,1
prepares,1
prep,1
premicroscopic,1
predominately,1
predicting,1
predicted,1
precision,1
pranks,1
practitioners,1
practices,1
practice,1
prac,1
pr,1
potion,1
posts,1
poster,1
postchannelless,1
possibilities,1
positions,1
positioned,1
posing,1
pose,1
ported,1
populationinformative,1
popularity,1
pool,1
poll,1
polarizing,1
poisoning,1
poised,1
points,1
poetry,1
po,1
plz,1
plus,1
plucking,1
please,1
players,1
played,1
planned,1
planet,1
plain,1
pl,1
pitfalls,1
pitch,1
pipeline,1
pip,1
pinnacle,1
pinkie,1
pills,1
pieces,1
picked,1
physical,1
phrase,1
photos,1
photo,1
phone,1
phenomena,1
phar,1
perspective,1
persons,1
personalization,1
permutations,1
performed,1
performancefocused,1
percent,1
per,1
peo,1
penetration,1
pedo,1
pedestal,1
peaked,1
payment,1
pattern,1
patte,1
patriots,1
path,1
patentpending,1
passive,1
passion,1
passes,1
passenger,1
pass,1
party,1
partnerships,1
partnership,1
partner,1
parting,1
particularly,1
participating,1
participate,1
participant,1
parliament,1
parks,1
park,1
parasites,1
paralysed,1
parad,1
par,1
pane,1
paired,1
paint,1
pain,1
paid,1
package,1
paced,1
ower,1
oversee,1
overlooked,1
ove,1
outlier,1
oth,1
ordinary,1
orders,1
options,1
optional,1
opt,1
operators,1
operation,1
operating,1
operati,1
operated,1
opens,1
openin,1
opacity,1
ongoing,1
oncology,1
onboard,1
old,1
oh,1
ogy,1
offseason,1
officials,1
official,1
offering,1
ocs,1
oceans,1
occurred,1
occur,1
occasions,1
obsolete,1
observed,1
observe,1
observatio,1
nurturing,1
numbers,1
nt,1
notice,1
nothing,1
notebooks,1
notation,1
nonrandom,1
nonexplicit,1
nonetheless,1
non,1
nomads,1
nology,1
nokill,1
nine,1
nex,1
nev,1
neutral,1
neurodegenerat,1
netw,1
nervous,1
neck,1
necessarily,1
nearunlimited,1
nearrealtime,1
natu,1
nations,1
narrative,1
nanotech,1
nailed,1
mythicalautomaton,1
myTectra,1
mxnet,1
mutations,1
mustread,1
music,1
multistructured,1
multipleaward,1
multiple,1
multinational,1
multidimensional,1
mu,1
movements,1
mounting,1
mother,1
moreThe,1
moral,1
months,1
monste,1
monitor,1
mon,1
molecular,1
module,1
modulates,1
modern,1
mobility,1
mo,1
ml,1
mix,1
misty,1
misspelled,1
missed,1
miracle,1
minute,1
mined,1
mindset,1
mimic,1
metrics,1
metaphors,1
metaphor,1
metal,1
metabolites,1
met,1
mesh,1
merging,1
menu,1
mentioned,1
mentally,1
memory,1
memorization,1
member,1
megalomaniacs,1
meets,1
meeting,1
medicine,1
mecani,1
mec,1
meat,1
measures,1
measurement,1
meaningful,1
mea,1
maximum,1
mature,1
matters,1
mathematician,1
mathematical,1
mate,1
matchmaking,1
mastery,1
masters,1
mastermind,1
mastering,1
master,1
maste,1
massively,1
mass,1
markets,1
marketer,1
markers,1
mark,1
margins,1
marching,1
marathon,1
maps,1
mapping,1
manufacturers,1
manufacturer,1
manufactur,1
manufactu,1
mankind,1
managing,1
managed,1
manage,1
manag,1
male,1
malaria,1
makeover,1
majority,1
maintenance,1
maintain,1
main,1
machinelearnflx,1
machi,1
luxury,1
lucrativ,1
luck,1
lowskilled,1
lower,1
loves,1
loved,1
lots,1
losses,1
loss,1
looting,1
lookin,1
long,1
locate,1
loader,1
living,1
listening,1
lis,1
liquor,1
lips,1
linkage,1
linguistics,1
linear,1
lineage,1
limits,1
likes,1
likelih,1
lights,1
lifted,1
lift,1
lifeguard,1
license,1
library,1
libraries,1
liberal,1
leverages,1
leveraged,1
length,1
lecturer,1
leave,1
learns,1
learningrelated,1
learninghttps,1
learni,1
learnReal,1
leadup,1
leading,1
leadership,1
leader,1
le,1
lazy,1
launch,1
later,1
large,1
language,1
landing,1
lagging,1
lacks,1
lacking,1
labwide,1
labs,1
laborsaving,1
la,1
kudos,1
knowledgebased,1
knowing,1
knee,1
kindly,1
kindergarten,1
kinda,1
killing,1
kids,1
kidney,1
keynote,1
keen,1
jus,1
jungle,1
jump,1
judicious,1
judiciary,1
judgment,1
judges,1
judged,1
journalist,1
jokes,1
joining,1
join,1
johnny,1
jobeliminating,1
jen,1
jam,1
jackets,1
jacket,1
ive,1
iterative,1
ite,1
issues,1
issued,1
iq,1
involve,1
invites,1
investor,1
investments,1
investing,1
investig,1
investe,1
invest,1
inve,1
invaluable,1
invade,1
intuitionistic,1
introductory,1
introduction,1
introducing,1
introduces,1
introduce,1
intro,1
intrigued,1
interviewed,1
intervention,1
intersting,1
interships,1
intersection,1
internship,1
internet,1
international,1
interfacing,1
interactive,1
intensified,1
intelligenceonly,1
intelligenceMust,1
intelligenceArt,1
integrations,1
integration,1
inte,1
institution,1
institutes,1
instantaneous,1
installation,1
inside,1
insemination,1
inscrutability,1
inputs,1
innovations,1
initiative,1
infuse,1
infrastructure,1
influential,1
influences,1
influenced,1
infants,1
infancy,1
inequality,1
industryleading,1
individuals,1
india,1
indepth,1
incubator,1
incredible,1
increases,1
incorporate,1
inconsistent,1
incomprehensible,1
include,1
incharacter,1
inadequate,1
improves,1
impressive,1
impressed,1
impossible,1
implements,1
implemented,1
impactful,1
imbalance,1
imaging,1
imagery,1
im,1
illness,1
ill,1
idle,1
identity,1
identifyi,1
identification,1
identificatio,1
ideal,1
id,1
ical,1
iPhone,1
iOS,1
hypothesis,1
hypersonics,1
husband,1
hurdles,1
humorous,1
humare,1
humanlike,1
humane,1
humandriven,1
hum,1
hubermantamir,1
hub,1
hourlong,1
hou,1
hope,1
honored,1
honesty,1
homework,1
homeless,1
holidays,1
holding,1
hold,1
hit,1
history,1
historically,1
hippie,1
hilt,1
highthroughput,1
highlights,1
highlight,1
highest,1
higher,1
hide,1
hi,1
heuristics,1
helpmate,1
helped,1
hed,1
heavy,1
hearted,1
heart,1
healthc,1
headquarters,1
heading,1
haves,1
havent,1
havenots,1
hav,1
haptic,1
handm,1
handheld,1
handed,1
hai,1
haha,1
hacking,1
hackers,1
hackathon,1
habeas,1
ha,1
guys,1
guy,1
gut,1
guiding,1
guidelines,1
guide,1
guest,1
gro,1
green,1
greatest,1
grateful,1
grappling,1
graphs,1
grandmasterAlso,1
graduated,1
gradient,1
gracious,1
gr,1
governan,1
goods,1
gonna,1
goes,1
goddamn,1
goal,1
glossy,1
glossary,1
globe,1
give,1
girl,1
gifted,1
giants,1
geopolitics,1
geolocation,1
geocoordinates,1
genre,1
genotypin,1
geneticist,1
genetic,1
gelled,1
geeks,1
geared,1
gave,1
gathering,1
gather,1
gases,1
gas,1
garbaging,1
gamification,1
gains,1
gain,1
fuzzy,1
futureready,1
futureWith,1
fut,1
furry,1
funnel,1
funds,1
fundamenta,1
functions,1
functionality,1
functional,1
funciona,1
fully,1
fulle,1
ful,1
fu,1
ftArtificial,1
frontrunners,1
frontier,1
frontal,1
friend,1
frauds,1
frameworks,1
fragile,1
fraction,1
fr,1
fountains,1
founder,1
founded,1
foundation,1
form,1
forgotten,1
forgot,1
forgetfulness,1
forests,1
forecasts,1
forecasting,1
forecasted,1
footage,1
foolishly,1
fooling,1
foolArtificialintelligence,1
folks,1
focuses,1
flowchart,1
floor,1
flexible,1
flaws,1
flaw,1
flask,1
flagging,1
flagged,1
fixing,1
fire,1
firang,1
fintech,1
finish,1
finds,1
finding,1
financing,1
finance,1
final,1
filmmaker,1
figured,1
figure,1
fields,1
fiction,1
fict,1
fi,1
fewlayered,1
fewer,1
fertilized,1
ferromagnets,1
fellowship,1
felicitated,1
feels,1
feelings,1
feedback,1
feed,1
featurin,1
feather,1
favorite,1
father,1
fast,1
fascinating,1
fancy,1
fan,1
fake,1
fairer,1
fair,1
failure,1
facts,1
facilitate,1
facialrecog,1
facebook,1
eyes,1
eye,1
extreme,1
extraterrestrial,1
extrapolation,1
extracting,1
extent,1
extension,1
expressions,1
exposed,1
exponential,1
exploring,1
exploratory,1
exploration,1
explor,1
exploited,1
explicitly,1
explicit,1
explains,1
explaining,1
explai,1
expla,1
expertise,1
experiencing,1
expected,1
exists,1
existing,1
existential,1
existed,1
exist,1
exhibit,1
exercise,1
exemplars,1
executive,1
excuses,1
excellence,1
examining,1
examine,1
evolving,1
evolve,1
evidence,1
eventually,1
evapotransporation,1
evaluated,1
evaluate,1
ethics,1
ethicist,1
etcHow,1
estimations,1
essay,1
episode,1
entire,1
enthusiasti,1
entering,1
ensuring,1
ensemble,1
enrich,1
enhanced,1
engineers,1
endless,1
endangered,1
encr,1
encouraging,1
encourages,1
encourage,1
encompassing,1
en,1
employees,1
employed,1
employ,1
empathy,1
emotionally,1
emergency,1
embracing,1
embrace,1
embeds,1
embedding,1
eliminate,1
element,1
electricity,1
ego,1
effort,1
effective,1
effect,1
eff,1
educating,1
editorial,1
edition,1
ecosystem,1
echocard,1
echelons,1
ebook,1
eat,1
easily,1
easiest,1
earphones,1
early,1
eSports,1
ePrint,1
duration,1
drudgery,1
drowsy,1
drowning,1
drop,1
drives,1
driver,1
draw,1
drastic,1
drafts,1
downside,1
downloaded,1
download,1
dota,1
doses,1
doors,1
dodge,1
document,1
dividends,1
diversifying,1
disturbingly,1
distrustion,1
distributed,1
distracted,1
distr,1
distinct,1
disruptor,1
disruption,1
disillusion,1
discovery,1
discount,1
disclosed,1
disasters,1
disaster,1
disabilities,1
dis,1
director,1
directly,1
diluted,1
digging,1
differences,1
differenceArtificial,1
differe,1
differ,1
diesel,1
die,1
didrachma,1
dictate,1
diagnostic,1
diagnosed,1
diagnose,1
diagnos,1
di,1
devs,1
developmentMachine,1
developmen,1
developers,1
devastated,1
dev,1
determined,1
determin,1
detectors,1
detailed,1
det,1
destroying,1
desired,1
designer,1
designed,1
designe,1
depth,1
dept,1
depression,1
deployingEditor,1
deploying,1
deployed,1
deploy,1
depictingTalos,1
depend,1
dentistry,1
demonstration,1
demonstrate,1
demographic,1
demand,1
deliver,1
delicious,1
deleting,1
deidentifi,1
deflect,1
definitely,1
definite,1
defin,1
defense,1
defence,1
defeats,1
def,1
deeplearning,1
deepfakes,1
dee,1
dedicated,1
decrease,1
decisions,1
decipher,1
decide,1
deci,1
decadewe,1
decade,1
deals,1
deal,1
datavisualization,1
datascience,1
dai,1
dads,1
cycle,1
cybersecur,1
cyber,1
cuttingedge,1
cuttinge,1
cutting,1
cute,1
cut,1
customis,1
customers,1
custom,1
cus,1
curve,1
curre,1
curing,1
cure,1
curation,1
cultivate,1
ctc,1
cryptocurrencies,1
crypto,1
crosswalks,1
crnn,1
critical,1
criminals,1
creators,1
crazy,1
crater,1
cr,1
courseshttps,1
country,1
cou,1
costeffic,1
cost,1
cosmologist,1
cosmetics,1
correct,1
corpus,1
corporations,1
corners,1
cope,1
cop,1
coopted,1
cookedhttps,1
cooccurrence,1
convinced,1
conversational,1
conversation,1
conver,1
controlling,1
controlled,1
contribution,1
contrast,1
containment,1
contact,1
cont,1
consultancy,1
console,1
consider,1
consequences,1
consciousness,1
connects,1
congress,1
conglomerate,1
confusing,1
confluence,1
conflict,1
confidence,1
conducting,1
conduct,1
conditions,1
condition,1
concerned,1
conc,1
computatio,1
comput,1
comprehension,1
components,1
component,1
comply,1
complexity,1
compiler,1
compiled,1
competitors,1
competition,1
compete,1
compelling,1
compassion,1
compass,1
companys,1
comp,1
como,1
communities,1
communication,1
comments,1
commenting,1
comment,1
commanders,1
command,1
combined,1
combine,1
combinations,1
combat,1
colors,1
collected,1
collect,1
collapses,1
collaborating,1
cold,1
cognitive,1
cog,1
cofounder,1
coffee,1
cocollections,1
cloudbased,1
clothing,1
closely,1
close,1
clever,1
clauses,1
classifier,1
classical,1
claim,1
city,1
circuits,1
chose,1
chore,1
chips,1
chime,1
chilling,1
childlike,1
chew,1
chest,1
checkpost,1
chatbots,1
chatbot,1
chase,1
charts,1
charlotte,1
characters,1
characterization,1
chapters,1
chapterised,1
chapter,1
channel,1
changeoriented,1
changed,1
chance,1
chan,1
champio,1
challengegoing,1
chain,1
ch,1
certified,1
certainly,1
certain,1
century,1
centralization,1
centers,1
centered,1
cent,1
cc,1
causing,1
causes,1
caused,1
causeandeffect,1
cause,1
cats,1
catposting,1
catfishing,1
cater,1
category,1
categorized,1
categories,1
categor,1
cataloged,1
cat,1
caseworker,1
carving,1
cartoon,1
carefully,1
captchas,1
capt,1
capacity,1
capable,1
capabilities,1
cap,1
cannabis,1
candidates,1
cancers,1
calls,1
calle,1
calculatorWhat,1
calculate,1
cache,1
básico,1
buzzwords,1
button,1
bus,1
burns,1
burn,1
bur,1
bullying,1
bullet,1
bulky,1
buildthe,1
bug,1
brother,1
broken,1
broadcast,1
brittle,1
bringing,1
brilliant,1
brief,1
bri,1
breast,1
break,1
branches,1
brains,1
bout,1
bounty,1
bottom,1
bots,1
born,1
borderlinemathematicallyretarded,1
bootloader,1
boosting,1
books,1
bolster,1
bold,1
bohat,1
body,1
board,1
bn,1
blunders,1
blood,1
blocking,1
block,1
bleaching,1
blame,1
blacklisting,1
blacklist,1
bitten,1
birthday,1
biological,1
bioengineering,1
billions,1
billion,1
bigtime,1
bid,1
biased,1
bi,1
bf,1
betw,1
beta,1
beneficial,1
believed,1
beings,1
behaviour,1
behavioral,1
behavior,1
behaves,1
begun,1
begins,1
beginners,1
began,1
bees,1
beefedup,1
bee,1
beco,1
beauty,1
beautifully,1
beautiful,1
beatintro,1
beaming,1
bazinga,1
bath,1
bastard,1
basketball,1
basics,1
basic,1
banking,1
banker,1
band,1
balls,1
bag,1
background,1
bachelors,1
awesome,1
aware,1
avenue,1
autumn,1
automating,1
automatic,1
automates,1
automate,1
automakers,1
autom,1
autoadaptive,1
augments,1
audiobooks,1
audiobook,1
auc,1
attributes,1
attorney,1
attending,1
attendant,1
athletes,1
asvice,1
astonishing,1
assure,1
assumptions,1
assume,1
assists,1
assistance,1
assignment,1
assessment,1
assess,1
assaulting,1
aspects,1
asking,1
artist,1
artificially,1
artific,1
arthroplasty,1
arrived,1
army,1
arises,1
arguments,1
argue,1
arguably,1
arena,1
area,1
architecture,1
approvedmom,1
approval,1
approaching,1
appro,1
appointmentsof,1
applying,1
applies,1
applicants,1
applic,1
appli,1
appears,1
apocalypse,1
aphantasia,1
apathetic,1
anyway,1
anyones,1
anymore,1
anybody,1
antiquated,1
answerMachines,1
anomaly,1
annual,1
announces,1
animation,1
android,1
ancient,1
anarchist,1
analyze,1
analyz,1
analyticsbacked,1
analytical,1
anal,1
amp,1
amid,1
amendments,1
ambient,1
although,1
alt,1
alredy,1
alone,1
alo,1
almost,1
almo,1
allowing,1
allege,1
algos,1
algori,1
algor,1
algebra,1
alerts,1
alderton,1
al,1
air,1
aims,1
aiming,1
aiko,1
aid,1
ahead,1
ah,1
agree,1
ago,1
agnostic,1
agile,1
aggressors,1
aggressive,1
aggregation,1
ages,1
agencies,1
afraid,1
afford,1
affect,1
aerospace,1
advised,1
advantages,1
advancements,1
advancement,1
advance,1
ads,1
admiration,1
administrative,1
admi,1
addresses,1
added,1
actuators,1
activities,1
act,1
acquired,1
achieve,1
accuracies,1
accounted,1
accolades,1
accept,1
accelerated,1
accelerant,1
academ,1
abstractive,1
abstraction,1
abominable,1
abi,1
Zoomcar,1
Zomato,1
Zimbabwe,1
Zeeshan,1
Zach,1
Youth,1
Yield,1
Yet,1
Yesterday,1
Yes,1
Yelp,1
Years,1
Year,1
Yacoub,1
YYC,1
YEAR,1
YAPE,1
Xi,1
XLNX,1
XGBoost,1
XAND,1
Writer,1
Wow,1
Wors,1
Workers,1
Woo,1
Wont,1
Wonderful,1
Woman,1
Wlad,1
Witness,1
Withstand,1
Without,1
Within,1
Wire,1
Wiped,1
Winter,1
Winner,1
Windows,1
Willis,1
Wifes,1
Wide,1
Whos,1
Whether,1
Whang,1
West,1
Welltok,1
Welldesigned,1
Welcome,1
Weeks,1
Wednesdays,1
Website,1
WebApps,1
Weapons,1
Weak,1
Wayfarers,1
Wats,1
Watching,1
Watcha,1
Wat,1
Waste,1
Warp,1
Warns,1
Warning,1
War,1
Wanghttps,1
Walmarts,1
Walmart,1
Walgreens,1
WTe,1
WSU,1
WOULD,1
WORLD,1
WORKSHOPFree,1
WM,1
WIRED,1
WHAT,1
WA,1
W,1
VuNet,1
Vs,1
Volume,1
Viveck,1
Visualizing,1
Visualizations,1
Visualization,1
Visiting,1
Vision,1
Vidmate,1
Videohive,1
Victoria,1
Versus,1
Version,1
Verita,1
Verified,1
Vegas,1
Variable,1
ValuesBased,1
Validation,1
VS,1
VP,1
VMTB,1
VACCINES,1
Utterly,1
Utilized,1
Uses,1
Users,1
Urban,1
Upgrade,1
Unveils,1
Until,1
Unsure,1
Unreal,1
Unlock,1
Unleashing,1
Unit,1
Undertake,1
Uncover,1
Unconstitutional,1
Unbridled,1
Uk,1
USA,1
UOL,1
UAVs,1
Twenty,1
Twe,1
Turtle,1
Turner,1
Tuesday,1
Tucson,1
Tuck,1
Trying,1
Trustedhttps,1
Trucking,1
Triple,1
Trialled,1
Triage,1
Tri,1
Trees,1
Treas,1
Travel,1
Transparancy,1
Transkribus,1
Transformation,1
Transform,1
Trainer,1
Trailer,1
Trafficking,1
Trader,1
Tracking,1
Tracey,1
Towards,1
Toward,1
Tour,1
Touchpoints,1
Toshi,1
Topaz,1
Toolbox,1
Tool,1
TokenPost,1
Together,1
Todays,1
Today,1
Tipsy,1
Timeshttps,1
TimAllenMDJD,1
Tim,1
Tickets,1
Thursdays,1
Threat,1
Though,1
Thomas,1
Thinks,1
ThinkGoogleAPAC,1
Think,1
Thi,1
Them,1
Their,1
Thats,1
Thank,1
Than,1
Test,1
Terry,1
Term,1
Tensorflowjs,1
Tensorflow,1
Tensor,1
Tencent,1
Ten,1
Template,1
Temecula,1
Tells,1
Telepathy,1
Telecom,1
Techspert,1
Techslang,1
Technologists,1
Technological,1
Techbangla,1
Techaeris,1
TechRepublic,1
Teaching,1
Teaches,1
Te,1
Taulli,1
Tasks,1
Tape,1
Tampere,1
Tamaghna,1
Takes,1
Taken,1
Tahsildar,1
TSLAQ,1
TSLA,1
TRANSPORTATION,1
TPU,1
TOTAL,1
TOP,1
TO,1
TIRED,1
TFW,1
TEDxBYU,1
TECHNOLOGIES,1
TECH,1
TDLs,1
TAX,1
TARDIS,1
Symposium,1
Symbolic,1
Sylvester,1
Sylivera,1
Sydney,1
Sy,1
Swiggy,1
Sweta,1
Suyash,1
Survey,1
Surveillance,1
Supremacy,1
Support,1
Supervised,1
Supercharging,1
Supe,1
SupChina,1
Sunrise,1
Sunnyvale,1
Sunday,1
Summer,1
Sukanya,1
Suicide,1
Suchi,1
Successfully,1
Successful,1
Style,1
Stupidity,1
Studies,1
Students,1
Struthers,1
Structures,1
Structured,1
Strongly,1
Striking,1
Strike,1
Stricker,1
Strengthening,1
Strategies,1
Strapping,1
Story,1
Storm,1
Stitch,1
StepbyStep,1
Step,1
Stellenbosch,1
Statistic,1
Stat,1
Startup,1
Start,1
Starbucks,1
Star,1
Stack,1
St,1
SriLanka,1
Spy,1
Spotify,1
Sponsorship,1
Sponsored,1
Spellcheck,1
Speed,1
Spectator,1
Speaking,1
Speaker,1
Southern,1
Soup,1
Soul,1
SonicAttacks,1
Sonam,1
Sometimes,1
Something,1
Solving,1
Solution,1
SolarWi,1
Softwar,1
Society,1
Skynet,1
Sky,1
Skill,1
Sizes,1
Size,1
Situational,1
Sinha,1
Since,1
Simulated,1
Simplilearn,1
Simplifying,1
Silver,1
SiliconHills,1
Silicon,1
Signals,1
Siebel,1
Sidenote,1
Shubham,1
Shreya,1
Showing,1
Show,1
Shettyy,1
Sherwood,1
Sherry,1
Shengyu,1
Shell,1
Sheets,1
Shaper,1
Shanghaibased,1
Shahebaz,1
Several,1
Set,1
Session,1
Serviceshttps,1
Serverless,1
Seriously,1
Serious,1
Sentient,1
SenpAIs,1
Senator,1
Semantics,1
Selling,1
SelfDriving,1
Segmentation,1
Seems,1
Seeker,1
Seeing,1
Securing,1
Secrets,1
Second,1
Seattle,1
Scrolls,1
Scotland,1
Score,1
ScikitLearn,1
Scientific,1
Sciences,1
Sciencehttps,1
Scien,1
Scary,1
Scanner,1
Scan,1
Scaling,1
Says,1
SayNo,1
Save,1
Savant,1
Satellite,1
Satan,1
Sat,1
Sanker,1
Sanghis,1
Sales,1
Sale,1
Salary,1
Sajith,1
Safety,1
Safely,1
Sachs,1
SUPER,1
SPEs,1
SOURCED,1
SMARTER,1
SJWs,1
SINGULARITY,1
SIGKDD,1
SFA,1
SEM,1
SCM,1
SCL,1
SCIENCE,1
SAS,1
SAIT,1
Ryan,1
Rutgers,1
Russian,1
Rugby,1
Rooms,1
Rodney,1
Rochester,1
RobotsRobotsArtificial,1
Robophobia,1
Rigorous,1
Rick,1
Rich,1
Rhoda,1
Revolutionising,1
Reviewhttps,1
Revenue,1
Retraining,1
Reto,1
Results,1
Resulting,1
Result,1
Require,1
Reports,1
Reportedly,1
Remastering,1
Remaking,1
Remake,1
Reinventing,1
Reilly,1
Registration,1
Regime,1
RegTech,1
Refined,1
Redmond,1
Reddit,1
Recruitment,1
Record,1
Recognizing,1
Recogn,1
Receive,1
RealSaintSteven,1
Rather,1
Rate,1
Rape,1
Randall,1
Rana,1
Ramboll,1
Raj,1
Raises,1
Radiologie,1
Radio,1
Racist,1
Rachel,1
RWE,1
ROIby,1
ROAS,1
RMSProp,1
RL,1
REVEALED,1
REPORT,1
REAL,1
RB,1
Quotes,1
Quickly,1
Questions,1
Quest,1
Quebec,1
Quantitative,1
Quant,1
QUESTION,1
QRAM,1
QC,1
Pytorch,1
PyTorch,1
PwC,1
Pvt,1
Put,1
Pushes,1
Publishing,1
Publicationshttps,1
Publications,1
Psychiatry,1
Protesters,1
Prospects,1
Pros,1
Promoting,1
Promote,1
Promise,1
Profitable,1
Professor,1
Professionals,1
Professional,1
Productivity,1
Producing,1
Processes,1
Problems,1
Probably,1
Probability,1
Privacypreserving,1
Printi,1
Prime,1
Price,1
Prevent,1
Pressure,1
Presenting,1
Presentation,1
Preprocessing,1
Premadasa,1
Predictor,1
Predictive,1
Preclusio,1
Prebuilt,1
Practice,1
Pr,1
Powertrain,1
Powering,1
Powerhouse,1
Postdoctoral,1
Postdocs,1
Port,1
Popular,1
Pope,1
Pompeii,1
Politics,1
Politicians,1
Poker,1
Poisoning,1
Pocket,1
Plan,1
Plain,1
Plaform,1
Pizza,1
Pixel,1
Pivot,1
Pitch,1
Pipelines,1
Pipeline,1
Picks,1
Physics,1
Photos,1
Photography,1
Philosophical,1
PhD,1
Pervasive,1
Perry,1
Perlis,1
Performance,1
Perfect,1
Pedagocially,1
PayPal,1
Paul,1
Patterns,1
Patricia,1
Patiently,1
Pathways,1
Paths,1
Path,1
Pat,1
Party,1
Partnership,1
Parliament,1
Pardos,1
Paperwork,1
Papageorghiou,1
Panel,1
Pakistani,1
Pacific,1
PaaS,1
PV,1
PT,1
PROGRAM,1
POWER,1
POSITIVE,1
PHONE,1
PG,1
PEOPLE,1
PELI,1
PAKISTAN,1
Overwhelming,1
Overview,1
Overtake,1
Overstock,1
Overhttps,1
Over,1
Outthink,1
Outperforms,1
Others,1
Oscar,1
Orweillian,1
Oriented,1
Organisation,1
Organ,1
Oren,1
Order,1
Optimizations,1
Optimization,1
Optical,1
Opportunit,1
Opening,1
OpenAI,1
OompaLoompas,1
Okay,1
Ok,1
Officer,1
Observation,1
Object,1
OVER,1
OUTCOMES,1
OPEN,1
ONE,1
ON,1
OK,1
OH,1
Nutrition,1
Numpy,1
Nudged,1
Nowadays,1
November,1
Novel,1
Notes,1
Norman,1
Nonlinearity,1
Nonconvex,1
Nigerias,1
Ng,1
Newton,1
Newswire,1
Newstrail,1
NewsCenter,1
NewBo,1
Nevada,1
Neutrophil,1
NetworkingSpiritualityMoral,1
NetworkCISCO,1
Netwo,1
Net,1
Nesterov,1
Neoclassica,1
Negotiation,1
Needless,1
Needed,1
Navigating,1
Natural,1
Nationality,1
NatWest,1
Nashville,1
Nasdaq,1
Nanodegree,1
Nana,1
Names,1
Nah,1
NYC,1
NTT,1
NT,1
NOT,1
NLP,1
NIT,1
NISQ,1
NIBD,1
NHST,1
NHS,1
NFL,1
NEXT,1
NEWS,1
NEW,1
NEURONS,1
NEUROMORPHIC,1
NEGATIVE,1
NC,1
Music,1
Mumbai,1
Multiply,1
MultiSite,1
Ms,1
Mrs,1
Mozilla,1
Motion,1
Morning,1
Morgans,1
Morgan,1
Morbid,1
Month,1
MonkeyLearn,1
Monika,1
Momentum,1
Mohan,1
Mohammad,1
Modified,1
Modelfree,1
Modelbased,1
Mock,1
Miyazaki,1
Mix,1
Mister,1
Missing,1
Mirror,1
Minutes,1
Minors,1
Miniconda,1
Minding,1
Mind,1
Military,1
Mila,1
Mike,1
Might,1
Midwest,1
MidSized,1
Metadata,1
Mesh,1
Mental,1
Mendes,1
Member,1
Melina,1
Meetup,1
Meets,1
Mednition,1
Medium,1
Measures,1
Mean,1
Me,1
McDonald,1
Mayor,1
MayRathon,1
Maximizing,1
Matt,1
Matrix,1
Materials,1
Masters,1
Masterclass,1
Master,1
Massively,1
Massawe,1
Marketers,1
Marketer,1
MarketWatch,1
MarTech,1
Maps,1
Manuscripts,1
Managing,1
Manager,1
Malware,1
Malviya,1
Malicious,1
Makers,1
Mainwaring,1
Maintenance,1
Mail,1
Mahoney,1
Maharashtra,1
Magick,1
MachineLearningAsASerivce,1
Machin,1
Machi,1
Mac,1
MUSK,1
MTX,1
MSFT,1
MS,1
MRI,1
MODERN,1
MMO,1
MLBlogs,1
MITURTC,1
MITIBM,1
MILLION,1
MI,1
MFG,1
MEAN,1
MATLAB,1
MAKE,1
MAICON,1
MACHINE,1
Lund,1
Luna,1
Ltd,1
Losses,1
Loss,1
Looks,1
Londons,1
Logo,1
Logistic,1
Logic,1
LogNormal,1
Literature,1
LionbridgeAI,1
Line,1
Limited,1
Lightning,1
Light,1
Lifecycle,1
Library,1
Libraries,1
Libin,1
Leveraging,1
Leverages,1
Letters,1
Lets,1
Lessl,1
Lennox,1
Legally,1
Legacy,1
Leeson,1
Leery,1
Leasing,1
LearningAt,1
Learni,1
Lear,1
Leap,1
Leaders,1
Lea,1
Lawrence,1
Latin,1
Latest,1
Lately,1
Late,1
LanguageAware,1
Land,1
Lancet,1
Lack,1
Labs,1
Labour,1
Laboratory,1
LOOK,1
LIVE,1
LEARNING,1
Kubernetes,1
Kroger,1
Krishnan,1
Kong,1
Kodra,1
Knowledge,1
Knowing,1
Kno,1
Kit,1
KirkDBorne,1
Kirk,1
Kipchoge,1
Kindness,1
Kindergarten,1
Kim,1
Killing,1
Kill,1
Kids,1
Keys,1
Kelly,1
Kelloge,1
Keeps,1
KSEB,1
KDnuggets,1
KC,1
KATE,1
Jun,1
Judging,1
Journées,1
Journey,1
Jose,1
Jordan,1
John,1
Johannes,1
Joe,1
Jio,1
Jexi,1
Jesus,1
Jeep,1
Jan,1
Jam,1
JP,1
JOB,1
JCC,1
Isn,1
Ischi,1
Isaac,1
Ireland,1
Invited,1
Investments,1
Investment,1
Invest,1
Inverse,1
Introducing,1
Interviewing,1
Interview,1
Interpretable,1
InterpretBank,1
Interne,1
InternationalStudents,1
Interfaces,1
Interaction,1
Inter,1
IntelligentArtificial,1
Intelligencetentive,1
Intelligences,1
IntelligenceLed,1
Intelligenc,1
Intelligen,1
Intellig,1
Intelli,1
Intel,1
Integration,1
Int,1
Insurance,1
Insur,1
Institutes,1
Instead,1
Install,1
Instagram,1
Insights,1
Inno,1
Initiative,1
Ingest,1
Infotech,1
Informative,1
Infodemics,1
Influence,1
Industrial,1
Indira,1
Indiatideshttps,1
Indias,1
Index,1
Inderscience,1
Independent,1
Increasing,1
Includes,1
Inception,1
Inc,1
Improvement,1
Impressive,1
Importance,1
Impacts,1
Imminent,1
ImagingUC,1
Images,1
Imagery,1
Idk,1
Idiot,1
Identifying,1
Identification,1
Idea,1
Icons,1
Icon,1
Ibrahim,1
IThttps,1
ISF,1
IOT,1
INTELLIGENCEEXCITING,1
ING,1
INFERNAL,1
IMPACTS,1
IMO,1
II,1
IEEE,1
IDENTIFIED,1
ID,1
ICT,1
Hybrid,1
Hyacinth,1
Hut,1
Hunts,1
Humanity,1
HumanProteome,1
Hulme,1
Huawei,1
Hourly,1
Hotan,1
Hospital,1
Hosking,1
Hoping,1
Hopefully,1
Hong,1
Homeland,1
Holiday,1
Holdings,1
Hobby,1
Ho,1
Hispanic,1
His,1
Hiring,1
Hinton,1
Him,1
Hills,1
Hierarchy,1
Hi,1
Heterogeneous,1
Heritage,1
Henry,1
HempFest,1
Helps,1
Heaven,1
Heather,1
Hearing,1
Hayao,1
Hasn,1
Hard,1
Harcourt,1
Haptik,1
Happening,1
Happened,1
Hans,1
Hannah,1
Hands,1
Handli,1
Handbook,1
HamdanMohammed,1
Halpern,1
HaiderTopic,1
Hahaha,1
Had,1
HYPE,1
HUMANS,1
HUMANITY,1
HT,1
HSTec,1
HSTU,1
HPE,1
HOW,1
HOME,1
HN,1
HHS,1
HELP,1
HALThree,1
Gymnastics,1
Gus,1
Guinness,1
Guidance,1
Guest,1
Growin,1
Groupon,1
Greenhouses,1
Greenfield,1
Gradient,1
Govt,1
Got,1
Gosh,1
Gopniks,1
Gooruf,1
Goldman,1
Godfather,1
God,1
GoDaddy,1
Gitex,1
Ghosts,1
Georgios,1
Geoffrey,1
Genuine,1
Genetics,1
Genetically,1
Generative,1
Generals,1
Genera,1
Gender,1
Gemini,1
Geena,1
Gears,1
Gautam,1
Gaussian,1
Gartner,1
Gaps,1
GROUP,1
GPS,1
GPCRs,1
GOOGL,1
GOOG,1
GOGMAGOG,1
GOFAI,1
GO,1
GLOBALIZED,1
GFW,1
GF,1
GENERAL,1
GDPR,1
GDG,1
GCP,1
GANs,1
G,1
Futurist,1
Functions,1
Fullstack,1
Full,1
Fu,1
Frys,1
Frightening,1
Friday,1
Frequent,1
Frelu,1
Fred,1
Frankfurt,1
Francophones,1
Francisco,1
Francis,1
Fradelos,1
Foundations,1
Fortune,1
Forrester,1
Forget,1
Forex,1
Fore,1
FootageTeams,1
Followed,1
Folklore,1
Fo,1
Flywheel,1
Flow,1
Flatley,1
Fix,1
Firms,1
FintechData,1
Fintech,1
Finkelstein,1
Financial,1
Finally,1
Files,1
Figuring,1
Fields,1
Field,1
Fieber,1
FiberInduced,1
FellowshipThe,1
Feels,1
Federal,1
February,1
Feature,1
Fearing,1
Fascinating,1
Fantastic,1
Fancier,1
Family,1
Familiar,1
FUTURE,1
FSOs,1
FMCG,1
FLARE,1
FIVE,1
FIRST,1
FINN,1
FDA,1
FCA,1
FB,1
Explanation,1
Explanaibility,1
Explainable,1
Expert,1
Experimentation,1
Experiential,1
Exoplanets,1
Execute,1
Execs,1
Excited,1
Exchanges,1
Excellence,1
Excel,1
Evolutionary,1
Evolution,1
Everyday,1
Ever,1
Events,1
Event,1
Evaluation,1
Etzioni,1
Ethnicity,1
Ethica,1
Estimating,1
Estate,1
Especially,1
Ericsson,1
Episode,1
Epicenter,1
Eos,1
Entrepreneu,1
Entire,1
Enterprises,1
Enterprisegrade,1
Enterprise,1
Ensemble,1
Enroll,1
Enough,1
Enlighten,1
Enlarged,1
Enjoying,1
Enhance,1
Engineers,1
Enginee,1
Energybased,1
EnergyEfficient,1
End,1
Emotion,1
Emerging,1
Embedded,1
Embed,1
Email,1
Em,1
Eliud,1
Elevator,1
Elephants,1
Elena,1
Element,1
Electron,1
Elastic,1
Einstein,1
Effective,1
Effect,1
Editor,1
Edinburgh,1
EdgeBlogs,1
EdgeBlog,1
Ed,1
EcosystemRecently,1
Easily,1
Easier,1
EVIDENCE,1
ETFs,1
ET,1
ERP,1
ERF,1
ELON,1
EE,1
Dystopian,1
Dynasty,1
Dynamics,1
Dworkin,1
During,1
Duong,1
Dummy,1
Due,1
Drum,1
Dropbox,1
Driverless,1
Driver,1
Drew,1
Dream,1
Dreaded,1
Dragon,1
Downloads,1
Down,1
Dover,1
Double,1
Doomer,1
Doom,1
Domain,1
Dolezal,1
Docwire,1
Doctor,1
Docs,1
DoD,1
Django,1
Diwali,1
Dive,1
Distribution,1
Disruptions,1
Diseases,1
Discuss,1
Discount,1
Directory,1
Directly,1
Dilip,1
Diagnostics,1
Diagnostic,1
Diagnosis,1
Determine,1
Designs,1
Designing,1
Designed,1
Deserve,1
Descubra,1
Desalination,1
Derivation,1
Dept,1
Depression,1
Depends,1
Department,1
Density,1
Denmark,1
Demystified,1
Democratizing,1
Democracy,1
Demanding,1
Dem,1
Delivery,1
Deliveroo,1
Delighted,1
Deleting,1
Definitely,1
Defender,1
Defeating,1
Deepminds,1
Deepfake,1
DeepRacer,1
DeepAI,1
Dee,1
Decentralized,1
DeadlyInt,1
Dawson,1
Davis,1
Dating,1
Datasets,1
Datadriven,1
Database,1
Databank,1
Dashboard,1
Darwin,1
Daniel,1
DW,1
DNS,1
DMI,1
DIAC,1
DHA,1
DESIGNED,1
DAY,1
DATA,1
Czech,1
Cycle,1
Cybersecur,1
Cybercriminals,1
CyberSecurity,1
CuttingEdge,1
Cut,1
CustomerThink,1
Customer,1
Custom,1
Curso,1
Current,1
Curie,1
Curated,1
Cummings,1
CryptoCurrency,1
Crypto,1
Crypt,1
Crude,1
Crop,1
Crete,1
Creation,1
Created,1
Crashing,1
Cr,1
Cozmo,1
Courts,1
Couple,1
Council,1
Cortana,1
Correct,1
Cornell,1
Cor,1
Cookies,1
Cookbook,1
Convoys,1
Convolution,1
Convergence,1
Controls,1
Controlling,1
Contract,1
Contr,1
Continuous,1
Continued,1
Context,1
Content,1
Contagion,1
Consultant,1
Considering,1
Considered,1
Consensus,1
Congre,1
Conducting,1
Conda,1
Concurring,1
Concise,1
Concept,1
Computation,1
Compete,1
Compensation,1
Comparison,1
Company,1
Communist,1
Communications,1
Common,1
Commission,1
Commercial,1
Command,1
Coming,1
Combining,1
Colliders,1
Collections,1
Collection,1
Colaboratory,1
Coherent,1
Cognizant,1
Coding,1
Codes,1
Coaches,1
CoOp,1
CoExist,1
Co,1
Cluster,1
Clouds,1
Cloudhttps,1
Close,1
Client,1
ClickZ,1
Cleared,1
Classrooms,1
Classroom,1
Classifying,1
Classifier,1
Classic,1
Claims,1
Cincinnati,1
Churn,1
Chron,1
Christmas,1
Chris,1
Chip,1
Children,1
Chicago,1
Chemistry,1
CheatSheet,1
Cheat,1
CheXpert,1
Chas,1
Charles,1
Characters,1
Characterisation,1
Channel,1
Changed,1
Chan,1
Cerner,1
Cerence,1
Centralized,1
Centers,1
Celestia,1
Causal,1
Catching,1
Catapults,1
Catalysis,1
Cases,1
Case,1
Cas,1
Carey,1
Care,1
Cardiology,1
Car,1
Cant,1
Canoe,1
Cannabis,1
Campus,1
Camps,1
Cambridge,1
Cam,1
Calendar,1
Calculatio,1
Ca,1
CSN,1
CS,1
CREW,1
CREATING,1
COSC,1
CONTROL,1
CLIMATE,1
CLARA,1
CIOL,1
CIO,1
CHANGE,1
CCP,1
CBSE,1
CAT,1
CART,1
CAN,1
Byte,1
Buying,1
Burnout,1
Burden,1
Bullock,1
Bukalapak,1
Builders,1
Buggy,1
Budget,1
Browsers,1
Brownlee,1
Brown,1
Broadly,1
Broaden,1
Broad,1
Brisbane,1
Bringing,1
Brighton,1
Bridgette,1
Brian,1
Brennan,1
Breeding,1
Break,1
Brain,1
Brad,1
Bowers,1
Bountra,1
Bottom,1
Bots,1
Both,1
Borne,1
Boosts,1
Boosting,1
Booker,1
Body,1
Blue,1
Blow,1
Blindness,1
Blacklists,1
Birth,1
Biotechnology,1
Biomimicry,1
BioChem,1
BigQuery,1
Bierhuizen,1
Betty,1
Bets,1
Bet,1
Bestcouponhunter,1
Berlin,1
Benita,1
Bengaluru,1
Benefit,1
Beijing,1
Beginner,1
Because,1
Bdw,1
Bayes,1
Bayer,1
Basu,1
Bass,1
Basics,1
Bartender,1
Barry,1
Barbara,1
Bar,1
Bank,1
Bangladesh,1
Bangla,1
Band,1
Balance,1
Bad,1
Backpropagation,1
Babylon,1
BY,1
BJR,1
BEYOND,1
BEGINNERSGETTING,1
BBVA,1
BBI,1
BAMBOO,1
AzureML,1
Axis,1
Aww,1
Away,1
Autono,1
Autoencoders,1
Autism,1
Author,1
Austin,1
August,1
Audible,1
Auburn,1
Attwood,1
Astronomy,1
Astonishing,1
Asmaa,1
Asia,1
Artificials,1
Artificially,1
Artificialintelligence,1
Artifici,1
Artifi,1
Arterys,1
Argonne,1
Argh,1
ArduinoI,1
Arbor,1
Arabia,1
Ar,1
April,1
Apprising,1
Appraising,1
Applying,1
Applies,1
Applied,1
Appl,1
Apparently,1
App,1
ApacheCon,1
Anything,1
Anticipated,1
AnomalyArtificial,1
Announces,1
Announcement,1
Ann,1
Animated,1
Andrew,1
AndNlp,1
Analyzes,1
Analyze,1
AnalyserAbstract,1
Anaconda,1
Amsterdambased,1
Among,1
Americans,1
Amazons,1
Am,1
Alternative,1
Already,1
Alliances,1
Alison,1
Alignment,1
Algorithm,1
Aidoc,1
Aid,1
Ahmed,1
Agenthttps,1
Against,1
Ag,1
Afiq,1
Advocate,1
Advisor,1
Advice,1
Advertisers,1
Adversaries,1
Advances,1
Adolfsson,1
Administrative,1
Additional,1
Adding,1
Adam,1
AdaBoost,1
AdAge,1
Ad,1
Actual,1
Activities,1
Action,1
Across,1
Achieving,1
Achieve,1
Accounting,1
Accessible,1
Accelerates,1
Absolute,1
ATP,1
ATL,1
ASI,1
ARTISTS,1
API,1
AP,1
AN,1
AMZN,1
AMI,1
AMBITION,1
AMAZING,1
AM,1
ALWAYSFAULT,1
ALWAYS,1
AIs,1
AIpowered,1
AIgenerated,1
AIenthusiast,1
AIMS,1
AIMI,1
AIIM,1
AIBy,1
AGIs,1
AGENDA,1
AGE,1
AEE,1
AE,1
ADVANCED,1
ACL,1
ACCT,1
ACCRA,1
ABSOLUTE,1
ABILA,1
